problem,search.method,plan.length,metric.search,initial.heuristic.val,planning.time.msec,heuristic.time.msec,search.time.msec,grounding.time,expanded.nodes,states.evaluated,duplicates.detected,dead.ends,domain,grounded.fluents,grounded.external.actions,grounded.actions,grounded.predicates,grounded.events,type
instance-_1,hrmax,60,60.0,17,662429,658113,661270,28,25583,580235,442954,0,block-grouping,0,20,40,0,0,continuous
instance-_2,hmrp,61,61.0,103,2497,798,978,46,72,2487,148,0,block-grouping,0,20,40,0,0,continuous
instance-_3,hmrp,33,33.0,67,1638,680,737,29,34,1216,55,0,block-grouping,0,20,40,0,0,continuous
instance-_3,hmax,44,44.0,6,26568,24320,25649,35,17252,386889,272641,0,block-grouping,0,20,40,0,0,continuous
instance-_3,hrmax,47,47.0,11,430891,428045,429975,31,17354,376561,275493,0,block-grouping,0,20,40,0,0,continuous
instance-_1,hmrp,85,85.0,154,4450,2589,2791,36,86,4709,122,0,block-grouping,0,30,60,0,0,continuous
instance-_2,hmax,67,67.0,9,173776,163938,172845,37,158246,3087044,3010878,0,block-grouping,0,20,40,0,0,continuous
instance-_1,hmax,61,61.0,9,178194,169747,177474,60,126238,2632957,2402330,0,block-grouping,0,20,40,0,0,continuous
instance-_2,hrmax,63,63.0,18,3066276,3059108,3065064,29,51297,1104522,937074,0,block-grouping,0,20,40,0,0,continuous
instance-_1,hmrp,51,51.0,83,1856,944,1153,35,52,1928,76,0,block-grouping,0,20,40,0,0,continuous
instance-_1229,hrmax,468,468.0,451,2677,1615,1997,49,1529,18393,13822,0,farmland,0,10,52,0,0,continuous
instance-_1229,hmrp,341,341.0,341,643,32,88,32,342,686,675,0,farmland,0,2,4,0,0,continuous
instance-_1229,hrmax,228,228.0,224,852,162,236,48,230,2299,453,0,farmland,0,6,28,0,0,continuous
instance-_1229,hmrp,513,513.0,513,938,228,314,41,514,6151,1019,0,farmland,0,6,28,0,0,continuous
instance-_1229,hmax,171,171.0,166,896,112,240,57,184,1818,400,0,farmland,0,6,28,0,0,continuous
instance-_1229,hmax,285,285.0,280,1018,140,391,39,298,2958,628,0,farmland,0,6,28,0,0,continuous
instance-_1229,hmax,56,56.0,51,684,59,97,49,62,611,127,0,farmland,0,6,28,0,0,continuous
instance-_1229,hmrp,65,65.0,57,1250,378,449,47,129,2226,629,0,farmland,0,10,52,0,0,continuous
instance-_1229,hrmax,398,398.0,397,769,28,122,43,399,800,789,0,farmland,0,2,4,0,0,continuous
instance-_1229,hrmax,343,343.0,340,812,127,214,45,344,2061,679,0,farmland,0,4,16,0,0,continuous
instance-_1229,hmax,398,398.0,397,697,32,102,42,399,800,789,0,farmland,0,2,4,0,0,continuous
instance-_1229,hmax,342,342.0,337,1134,379,496,58,362,3582,783,0,farmland,0,6,28,0,0,continuous
instance-_1229,hrmax,115,115.0,111,830,75,154,51,116,697,223,0,farmland,0,4,16,0,0,continuous
instance-_1229,hmax,136,136.0,127,1223,320,507,32,206,3007,813,0,farmland,0,8,40,0,0,continuous
instance-_1229,hmax,128,128.0,107,2184,388,957,173,800,10426,6549,0,farmland,0,10,52,0,0,continuous
instance-_1229,hmax,343,343.0,340,966,203,350,50,346,2071,687,0,farmland,0,4,16,0,0,continuous
instance-_1229,hmax,112,112.0,111,718,12,57,37,113,228,217,0,farmland,0,2,4,0,0,continuous
instance-_1229,hmax,569,569.0,568,741,18,108,31,570,1142,1131,0,farmland,0,2,4,0,0,continuous
instance-_1229,hmrp,465,465.0,457,1869,837,983,48,552,9116,1579,0,farmland,0,10,52,0,0,continuous
instance-_1229,hmax,313,313.0,305,1399,406,686,62,387,5583,1188,0,farmland,0,8,40,0,0,continuous
instance-_1229,hrmax,227,227.0,226,683,37,83,36,228,458,447,0,farmland,0,2,4,0,0,continuous
instance-_1229,hrmax,112,112.0,111,654,13,45,31,113,228,217,0,farmland,0,2,4,0,0,continuous
instance-_1229,hmax,473,473.0,450,2060,1104,1280,41,1507,19794,10907,0,farmland,0,10,52,0,0,continuous
instance-_1229,hrmax,513,513.0,510,1595,427,848,32,515,5142,1023,0,farmland,0,6,28,0,0,continuous
instance-_1229,hmax,92,92.0,83,819,145,194,38,184,2545,924,0,farmland,0,8,40,0,0,continuous
instance-_1229,hrmax,113,113.0,110,777,104,160,38,115,1142,223,0,farmland,0,6,28,0,0,continuous
instance-_1229,hmrp,458,458.0,457,1194,192,533,39,459,2753,909,0,farmland,0,4,16,0,0,continuous
instance-_1229,hmrp,46,46.0,43,926,182,245,37,50,880,99,0,farmland,0,8,40,0,0,continuous
instance-_1229,hrmax,171,171.0,167,831,139,211,31,173,1729,339,0,farmland,0,6,28,0,0,continuous
instance-_1229,hmrp,446,446.0,443,1299,461,609,36,451,8093,904,0,farmland,0,8,40,0,0,continuous
instance-_1229,hmax,229,229.0,226,1073,125,224,41,232,1387,459,0,farmland,0,4,16,0,0,continuous
instance-_1229,hmrp,179,179.0,177,1374,554,683,48,182,3127,356,0,farmland,0,8,40,0,0,continuous
instance-_1229,hmrp,352,352.0,342,2276,1143,1472,53,553,9682,2478,0,farmland,0,10,52,0,0,continuous
instance-_1229,hrmax,458,458.0,454,1253,90,631,80,459,2755,909,0,farmland,0,4,16,0,0,continuous
instance-_1229,hrmax,128,128.0,108,2856,1350,1636,172,1251,16720,13496,0,farmland,0,10,52,0,0,continuous
instance-_1229,hmax,297,297.0,278,1438,489,776,53,804,10437,5823,0,farmland,0,10,52,0,0,continuous
instance-_1229,hmrp,515,515.0,514,1018,192,382,32,516,3095,1023,0,farmland,0,4,16,0,0,continuous
instance-_1229,hmrp,55,55.0,55,634,12,42,35,56,114,103,0,farmland,0,2,4,0,0,continuous
instance-_1229,hmrp,172,172.0,171,700,82,138,33,173,1037,337,0,farmland,0,4,16,0,0,continuous
instance-_1229,hmax,286,286.0,283,1015,136,329,79,289,1729,573,0,farmland,0,4,16,0,0,continuous
instance-_1229,hrmax,55,55.0,54,616,10,31,30,56,114,103,0,farmland,0,2,4,0,0,continuous
instance-_1229,hrmax,534,534.0,508,3793,2621,2943,98,3531,37962,39310,0,farmland,0,10,52,0,0,continuous
instance-_1229,hrmax,295,295.0,280,1718,847,1058,41,954,11784,8066,0,farmland,0,10,52,0,0,continuous
instance-_1229,hmax,224,224.0,216,1025,289,372,52,277,4025,837,0,farmland,0,8,40,0,0,continuous
instance-_1229,hmax,399,399.0,394,1009,247,408,33,418,4144,891,0,farmland,0,6,28,0,0,continuous
instance-_1229,hrmax,284,284.0,283,859,23,78,50,285,572,561,0,farmland,0,2,4,0,0,continuous
instance-_1229,hmax,113,113.0,109,952,109,282,33,119,1178,245,0,farmland,0,6,28,0,0,continuous
instance-_1229,hrmax,224,224.0,217,1409,364,745,37,284,4060,917,0,farmland,0,8,40,0,0,continuous
instance-_1229,hmrp,113,113.0,113,835,108,199,46,114,1351,219,0,farmland,0,6,28,0,0,continuous
instance-_1229,hrmax,515,515.0,511,1116,228,451,42,516,3097,1023,0,farmland,0,4,16,0,0,continuous
instance-_1229,hmrp,522,522.0,514,2076,1254,1420,51,775,13076,3503,0,farmland,0,10,52,0,0,continuous
instance-_1229,hmrp,569,569.0,569,880,96,195,46,570,1142,1131,0,farmland,0,2,4,0,0,continuous
instance-_1229,hmrp,572,572.0,571,1267,109,244,36,573,3437,1137,0,farmland,0,4,16,0,0,continuous
instance-_1229,hrmax,313,313.0,306,1458,661,826,44,398,5671,1325,0,farmland,0,8,40,0,0,continuous
instance-_1229,hrmax,183,183.0,165,3083,2176,2394,56,2381,29607,26957,0,farmland,0,10,52,0,0,continuous
instance-_1229,hmrp,286,286.0,286,1068,200,437,41,287,2285,565,0,farmland,0,4,16,0,0,continuous
instance-_1229,hmrp,171,171.0,170,1100,120,202,37,173,1730,340,0,farmland,0,6,28,0,0,continuous
instance-_1229,hmax,47,47.0,39,865,137,220,37,90,1286,354,0,farmland,0,8,40,0,0,continuous
instance-_1229,hmrp,56,56.0,55,802,82,118,50,57,566,105,0,farmland,0,6,28,0,0,continuous
instance-_1229,hmrp,579,579.0,571,2613,1052,1364,81,772,13010,2975,0,farmland,0,10,52,0,0,continuous
instance-_1229,hmrp,398,398.0,398,884,52,247,34,399,800,789,0,farmland,0,2,4,0,0,continuous
instance-_1229,hrmax,572,572.0,568,986,134,350,41,573,3439,1137,0,farmland,0,4,16,0,0,continuous
instance-_1229,hrmax,135,135.0,129,1352,454,702,44,186,2675,621,0,farmland,0,8,40,0,0,continuous
instance-_1229,hmax,513,513.0,509,1339,204,319,49,527,5244,1088,0,farmland,0,6,28,0,0,continuous
instance-_1229,hmrp,343,343.0,343,934,212,333,30,344,2741,679,0,farmland,0,4,16,0,0,continuous
instance-_1229,hrmax,341,341.0,340,673,24,81,44,342,686,675,0,farmland,0,2,4,0,0,continuous
instance-_1229,hmrp,228,228.0,227,1173,135,447,44,230,2301,454,0,farmland,0,6,28,0,0,continuous
instance-_1229,hmax,402,402.0,394,1797,428,650,63,531,7559,1941,0,farmland,0,8,40,0,0,continuous
instance-_1229,hmax,447,447.0,439,1781,294,574,42,636,8904,2535,0,farmland,0,8,40,0,0,continuous
instance-_1229,hmax,352,352.0,335,2355,1345,1655,57,1676,18374,16455,0,farmland,0,10,52,0,0,continuous
instance-_1229,hmrp,293,293.0,285,2176,466,706,61,487,8410,2391,0,farmland,0,10,52,0,0,continuous
instance-_1229,hmax,69,69.0,50,1146,332,447,54,630,8113,5202,0,farmland,0,10,52,0,0,continuous
instance-_1229,hmax,515,515.0,511,1224,228,435,53,518,3105,1033,0,farmland,0,4,16,0,0,continuous
instance-_1229,hmax,228,228.0,223,885,124,262,57,233,2325,471,0,farmland,0,6,28,0,0,continuous
instance-_1229,hmax,455,455.0,454,873,28,146,58,456,914,903,0,farmland,0,2,4,0,0,continuous
instance-_1229,hrmax,342,342.0,339,1117,212,482,43,344,3435,682,0,farmland,0,6,28,0,0,continuous
instance-_1229,hrmax,569,569.0,568,993,56,237,49,570,1142,1131,0,farmland,0,2,4,0,0,continuous
instance-_1229,hmax,172,172.0,168,1078,78,148,59,174,1043,341,0,farmland,0,4,16,0,0,continuous
instance-_1229,hmrp,284,284.0,284,676,46,88,28,285,572,561,0,farmland,0,2,4,0,0,continuous
instance-_1229,hmax,284,284.0,283,723,60,136,34,285,572,561,0,farmland,0,2,4,0,0,continuous
instance-_1229,hmrp,135,135.0,132,1116,311,416,71,138,2461,275,0,farmland,0,8,40,0,0,continuous
instance-_1229,hrmax,239,239.0,222,2335,953,1679,62,824,10322,6428,0,farmland,0,10,52,0,0,continuous
instance-_1229,hrmax,285,285.0,281,1026,319,417,35,287,2869,567,0,farmland,0,6,28,0,0,continuous
instance-_1229,hmax,409,409.0,392,1656,835,976,38,1339,15063,10850,0,farmland,0,10,52,0,0,continuous
instance-_1229,hrmax,455,455.0,454,662,27,87,29,456,914,903,0,farmland,0,2,4,0,0,continuous
instance-_1229,hmax,458,458.0,454,1150,273,378,37,461,2763,919,0,farmland,0,4,16,0,0,continuous
instance-_1229,hmrp,268,268.0,266,1384,607,711,44,272,4878,540,0,farmland,0,8,40,0,0,continuous
instance-_1229,hmax,180,180.0,172,1105,235,403,82,332,4502,1699,0,farmland,0,8,40,0,0,continuous
instance-_1229,hmax,341,341.0,340,716,44,138,29,342,686,675,0,farmland,0,2,4,0,0,continuous
instance-_1229,hmax,358,358.0,350,1237,319,592,55,476,6762,1726,0,farmland,0,8,40,0,0,continuous
instance-_1229,hmrp,124,124.0,114,2225,883,1001,178,249,4479,1261,0,farmland,0,10,52,0,0,continuous
instance-_1229,hrmax,172,172.0,168,796,67,150,62,173,1039,337,0,farmland,0,4,16,0,0,continuous
instance-_1229,hrmax,270,270.0,262,1215,424,593,35,329,4741,970,0,farmland,0,8,40,0,0,continuous
instance-_1229,hmax,227,227.0,226,710,38,96,37,228,458,447,0,farmland,0,2,4,0,0,continuous
instance-_1229,hrmax,446,446.0,440,1384,680,779,38,611,8385,2464,0,farmland,0,8,40,0,0,continuous
instance-_1229,hrmax,400,400.0,397,725,79,145,30,401,2403,793,0,farmland,0,4,16,0,0,continuous
instance-_1229,hrmax,399,399.0,396,1138,247,526,47,401,4002,795,0,farmland,0,6,28,0,0,continuous
instance-_1229,hmrp,115,115.0,114,921,84,293,37,116,695,223,0,farmland,0,4,16,0,0,continuous
instance-_1229,hmax,571,571.0,566,1315,434,668,53,584,5818,1200,0,farmland,0,6,28,0,0,continuous
instance-_1229,hrmax,179,179.0,173,1534,494,871,48,284,3835,1305,0,farmland,0,8,40,0,0,continuous
instance-_1229,hmrp,342,342.0,341,1168,420,540,47,343,3428,679,0,farmland,0,6,28,0,0,continuous
instance-_1229,hmrp,409,409.0,399,2249,1014,1507,49,576,9802,2204,0,farmland,0,10,52,0,0,continuous
instance-_1229,hmax,235,235.0,221,1612,641,899,63,381,5206,1644,0,farmland,0,10,52,0,0,continuous
instance-_1229,hrmax,353,353.0,337,2892,1726,2163,58,1856,20896,19710,0,farmland,0,10,52,0,0,continuous
instance-_1229,hrmax,512,512.0,511,986,23,128,31,513,1028,1017,0,farmland,0,2,4,0,0,continuous
instance-_1229,hmrp,180,180.0,171,1258,514,587,43,265,4691,987,0,farmland,0,10,52,0,0,continuous
instance-_1229,hmrp,58,58.0,57,761,107,147,42,59,353,109,0,farmland,0,4,16,0,0,continuous
instance-_1229,hrmax,91,91.0,84,1292,419,549,42,182,2403,971,0,farmland,0,8,40,0,0,continuous
instance-_1229,hmrp,285,285.0,284,1030,290,411,41,287,2870,568,0,farmland,0,6,28,0,0,continuous
instance-_1229,hrmax,286,286.0,283,795,82,153,43,287,1719,565,0,farmland,0,4,16,0,0,continuous
instance-_1229,hmrp,229,229.0,229,780,120,185,32,230,1829,451,0,farmland,0,4,16,0,0,continuous
instance-_1229,hmrp,237,237.0,228,1798,931,1102,42,354,6035,1465,0,farmland,0,10,52,0,0,continuous
instance-_1229,hmax,581,581.0,564,2229,1270,1542,55,1441,16198,10585,0,farmland,0,10,52,0,0,continuous
instance-_1229,hmrp,227,227.0,227,628,25,63,39,228,458,447,0,farmland,0,2,4,0,0,continuous
instance-_1229,hrmax,357,357.0,351,1811,555,1127,47,480,6634,1889,0,farmland,0,8,40,0,0,continuous
instance-_1229,hrmax,229,229.0,226,1114,127,222,55,230,1379,451,0,farmland,0,4,16,0,0,continuous
instance-_1229,hmrp,571,571.0,570,1508,785,907,37,573,5730,1140,0,farmland,0,6,28,0,0,continuous
instance-_1229,hrmax,56,56.0,53,993,178,310,48,58,572,109,0,farmland,0,6,28,0,0,continuous
instance-_1229,hmax,270,270.0,261,1031,292,419,34,372,5571,1306,0,farmland,0,8,40,0,0,continuous
instance-_1229,hrmax,584,584.0,565,2822,1820,2195,42,1996,22101,18256,0,farmland,0,10,52,0,0,continuous
instance-_1229,hmax,525,525.0,507,2173,1171,1388,64,1807,21258,16154,0,farmland,0,10,52,0,0,continuous
instance-_1229,hmax,400,400.0,397,1151,138,373,44,403,2413,801,0,farmland,0,4,16,0,0,continuous
instance-_1229,hmrp,224,224.0,221,1609,665,906,44,231,4143,476,0,farmland,0,8,40,0,0,continuous
instance-_1229,hmrp,456,456.0,455,1145,380,481,50,457,4566,905,0,farmland,0,6,28,0,0,continuous
instance-_1229,hmax,572,572.0,568,967,136,337,29,574,3443,1141,0,farmland,0,4,16,0,0,continuous
instance-_1229,hmrp,402,402.0,399,1510,554,729,47,404,7248,805,0,farmland,0,8,40,0,0,continuous
instance-_1229,hmax,457,457.0,451,1022,171,352,36,476,4728,997,0,farmland,0,6,28,0,0,continuous
instance-_1229,hmrp,512,512.0,512,778,35,202,29,513,1028,1017,0,farmland,0,2,4,0,0,continuous
instance-_1229,hmrp,400,400.0,400,944,112,187,37,401,2403,793,0,farmland,0,4,16,0,0,continuous
instance-_1229,hmrp,112,112.0,112,633,11,42,30,113,228,217,0,farmland,0,2,4,0,0,continuous
instance-_1229,hrmax,571,571.0,567,1463,378,721,51,573,5729,1139,0,farmland,0,6,28,0,0,continuous
instance-_1229,hmax,512,512.0,511,816,89,235,31,513,1028,1017,0,farmland,0,2,4,0,0,continuous
instance-_1229,hmax,169,169.0,168,751,73,131,28,170,342,331,0,farmland,0,2,4,0,0,continuous
instance-_1229,hmax,55,55.0,54,605,9,24,41,56,114,103,0,farmland,0,2,4,0,0,continuous
instance-_1229,hrmax,410,410.0,394,2748,1358,1730,64,1605,18361,15646,0,farmland,0,10,52,0,0,continuous
instance-_1229,hmax,58,58.0,54,933,24,49,55,61,363,119,0,farmland,0,4,16,0,0,continuous
instance-_1229,hrmax,456,456.0,453,1626,243,327,46,458,4572,909,0,farmland,0,6,28,0,0,continuous
instance-_1229,hrmax,46,46.0,40,1352,201,258,50,89,1235,381,0,farmland,0,8,40,0,0,continuous
instance-_1229,hrmax,58,58.0,54,790,153,193,30,59,355,109,0,farmland,0,4,16,0,0,continuous
instance-_1229,hmax,115,115.0,111,791,33,161,35,118,705,233,0,farmland,0,4,16,0,0,continuous
instance-_1229,hrmax,169,169.0,168,733,29,71,27,170,342,331,0,farmland,0,2,4,0,0,continuous
instance-_1229,hmrp,91,91.0,88,1055,249,337,69,93,1570,179,0,farmland,0,8,40,0,0,continuous
instance-_1229,hmrp,357,357.0,355,1358,576,719,43,362,6491,726,0,farmland,0,8,40,0,0,continuous
instance-_1229,hmrp,399,399.0,398,980,212,363,44,400,3996,791,0,farmland,0,6,28,0,0,continuous
instance-_1229,hmrp,313,313.0,310,1499,679,786,49,315,5402,619,0,farmland,0,8,40,0,0,continuous
instance-_1229,hrmax,402,402.0,395,1239,478,617,44,498,7110,1624,0,farmland,0,8,40,0,0,continuous
instance-_1229,hrmax,68,68.0,51,1865,750,1029,102,387,4834,3305,0,farmland,0,10,52,0,0,continuous
instance-_1229,hmrp,455,455.0,455,766,59,136,33,456,914,903,0,farmland,0,2,4,0,0,continuous
instance-_1229,hmrp,169,169.0,169,727,42,84,47,170,342,331,0,farmland,0,2,4,0,0,continuous
instance-_1229,hmax,186,186.0,164,1924,1065,1259,57,1709,19310,17654,0,farmland,0,10,52,0,0,continuous
instance--5,hrmax,433,76.0,5,112041,28213,31002,80010,219022,264828,329855,0,sokoban,228,0,362,0,0,discrete
instance--4,hrmax,289,43.0,7,81061,1329,1476,78998,6215,7881,9060,0,sokoban,243,0,416,0,0,discrete
instance--4,hmrp,263,47.0,27,76492,1470,1673,73674,5431,6642,8377,0,sokoban,243,0,416,0,0,discrete
instance--3,hmrp,177,43.0,14,57018,2290,2832,53484,19716,21550,24975,0,sokoban,315,0,528,0,0,discrete
instance--6,hmrp,254,68.0,32,128992,10547,11436,116489,50559,57388,80815,0,sokoban,232,0,378,0,0,discrete
instance--2,hrmax,241,60.0,7,266509,933,1140,264674,8977,9747,13292,0,sokoban,188,0,272,0,0,discrete
instance--7,hrmax,168,41.0,8,36073,702,846,34379,3219,4395,4491,0,sokoban,173,0,312,0,0,discrete
instance--7,hmrp,110,35.0,16,40877,3990,4363,34971,25854,32261,42089,0,sokoban,173,0,312,0,0,discrete
instance--10,hrmax,320,62.0,9,388861,8661,9978,378122,78872,84167,117791,0,sokoban,268,0,418,0,0,discrete
instance--10,hmrp,277,58.0,32,398495,7689,8714,389096,56974,61769,82915,0,sokoban,268,0,418,0,0,discrete
instance--8,hmrp,371,72.0,26,274033,137968,151292,121727,987208,1091560,1457254,0,sokoban,284,0,436,0,0,discrete
instance--1,hmax,257,76.0,7,88475,10466,11488,76274,56843,66808,78058,0,sokoban,283,0,442,0,0,discrete
instance--8,hmax,533,86.0,5,3704334,3296442,3582743,120593,21950670,25240734,31533457,0,sokoban,284,0,436,0,0,discrete
instance--8,hrmax,533,86.0,5,3636978,3227541,3516120,120005,21950670,25240734,31533457,0,sokoban,284,0,436,0,0,discrete
instance--5,hmax,433,76.0,5,111584,28802,31587,79277,219022,264828,329855,0,sokoban,228,0,362,0,0,discrete
instance--10,hmax,320,62.0,9,422434,8483,9625,412173,78872,84167,117791,0,sokoban,268,0,418,0,0,discrete
instance--2,hmax,241,60.0,7,272119,827,1004,270487,8977,9747,13292,0,sokoban,188,0,272,0,0,discrete
instance--3,hmax,235,49.0,3,60069,3659,4368,54827,18327,25743,22452,0,sokoban,315,0,528,0,0,discrete
instance--4,hmax,289,43.0,7,78028,1447,1746,75537,6215,7881,9060,0,sokoban,243,0,416,0,0,discrete
instance--6,hmax,330,80.0,8,155799,32353,34625,120509,176643,200479,279785,0,sokoban,232,0,378,0,0,discrete
instance--1,hrmax,257,76.0,7,91371,10670,11710,78867,56843,66808,78058,0,sokoban,283,0,442,0,0,discrete
instance--2,hmrp,223,56.0,17,275379,1067,1238,273487,9418,10054,14201,0,sokoban,188,0,272,0,0,discrete
instance--1,hmrp,213,74.0,16,96625,14424,15693,80003,68347,80355,94774,0,sokoban,283,0,442,0,0,discrete
instance--3,hrmax,235,49.0,3,60067,3697,4358,54148,18327,25743,22452,0,sokoban,315,0,528,0,0,discrete
instance--7,hmax,168,41.0,8,37032,719,876,34831,3219,4395,4491,0,sokoban,173,0,312,0,0,discrete
instance--5,hmrp,385,82.0,15,91087,8451,9449,80527,58738,68543,88497,0,sokoban,228,0,362,0,0,discrete
instance--6,hrmax,330,80.0,8,150776,31659,33871,116053,176643,200479,279785,0,sokoban,232,0,378,0,0,discrete
p06,hrmax,77,14.0,3,64390,835,989,62663,1400,3139,4025,0,ma-sokoban,242,0,632,0,0,discrete
p07,hmax,132,23.0,5,31327,3226,3589,26284,17011,22008,60780,0,ma-sokoban,183,0,420,0,0,discrete
p05,hmrp,62,14.0,11,116535,11778,13152,102098,48585,71511,249734,0,ma-sokoban,192,0,648,0,0,discrete
p03,hmrp,11,5.0,2,7781,66,111,7051,63,182,110,0,ma-sokoban,105,0,264,0,0,discrete
p09,hrmax,3693,45.0,10,31521235,28595047,31355610,164598,67614404,90690222,375397364,0,ma-sokoban,312,0,996,0,0,discrete
p04,hmax,211,31.0,4,95825,43107,45527,49470,65059,132058,350355,0,ma-sokoban,244,0,906,0,0,discrete
p01,hrmax,51,11.0,6,7700,111,166,6782,207,492,553,0,ma-sokoban,91,0,204,0,0,discrete
p05,hmax,176,14.0,4,104567,7226,7891,95819,18834,34805,93054,0,ma-sokoban,192,0,648,0,0,discrete
p03,hmax,46,7.0,2,8864,337,424,7617,1063,2126,2930,0,ma-sokoban,105,0,264,0,0,discrete
p01,hmax,51,11.0,6,6788,100,180,5971,207,492,553,0,ma-sokoban,91,0,204,0,0,discrete
p06,hmrp,37,12.0,10,64898,229,302,63554,175,523,368,0,ma-sokoban,242,0,632,0,0,discrete
p02,hmax,235,33.0,9,30312,2829,3172,25942,11058,17094,38552,0,ma-sokoban,162,0,404,0,0,discrete
p04,hrmax,211,31.0,4,98438,43344,45840,51214,65059,132058,350355,0,ma-sokoban,244,0,906,0,0,discrete
p02,hrmax,235,33.0,9,30417,2857,3255,26261,11058,17094,38552,0,ma-sokoban,162,0,404,0,0,discrete
p09,hmax,3693,45.0,10,31540399,28764488,31387862,151531,67614404,90690222,375397364,0,ma-sokoban,312,0,996,0,0,discrete
p01,hmrp,48,11.0,10,7208,164,245,6194,198,532,455,0,ma-sokoban,91,0,204,0,0,discrete
p09,hmrp,318,35.0,36,3434408,2979551,3288257,145133,7047689,9988496,38750366,0,ma-sokoban,312,0,996,0,0,discrete
p08,hmax,219,34.0,7,293365,11553,12617,279864,43904,57340,159701,0,ma-sokoban,230,0,544,0,0,discrete
p04,hmrp,106,27.0,15,421029,351263,372548,47622,580952,1003179,3294303,0,ma-sokoban,244,0,906,0,0,discrete
p02,hmrp,126,29.0,29,26996,380,534,25775,659,1372,1814,0,ma-sokoban,162,0,404,0,0,discrete
p08,hrmax,219,34.0,7,340045,13811,15168,324159,43904,57340,159701,0,ma-sokoban,230,0,544,0,0,discrete
p03,hrmax,46,7.0,2,8386,285,379,7259,1063,2126,2930,0,ma-sokoban,105,0,264,0,0,discrete
p06,hmax,77,14.0,3,79646,636,722,78308,1400,3139,4025,0,ma-sokoban,242,0,632,0,0,discrete
p05,hrmax,176,14.0,4,108612,7255,8014,99687,18834,34805,93054,0,ma-sokoban,192,0,648,0,0,discrete
p08,hmrp,285,36.0,19,423209,50682,56042,366505,203059,234083,822057,0,ma-sokoban,230,0,544,0,0,discrete
p07,hrmax,132,23.0,5,29093,3228,3641,24772,17011,22008,60780,0,ma-sokoban,183,0,420,0,0,discrete
p07,hmrp,130,21.0,13,27449,577,678,25281,1180,2096,3653,0,ma-sokoban,183,0,420,0,0,discrete
instance--5,hrmax,10,10.0,4,530,33,62,27,49,107,57,0,blocksworld,41,0,60,0,0,discrete
instance--18,hrmax,70,70.0,9,1672,835,1127,25,1492,6639,2212,0,blocksworld,109,0,180,0,0,discrete
instance--4,hrmax,14,14.0,5,618,58,113,22,75,157,83,0,blocksworld,41,0,60,0,0,discrete
instance--24,hrmax,58,58.0,9,2902,1939,2245,43,2171,13153,3286,0,blocksworld,155,0,264,0,0,discrete
instance--13,hmrp,58,58.0,13,1056,388,498,37,406,776,485,0,blocksworld,89,0,144,0,0,discrete
instance--25,hmax,46,46.0,10,5180,4251,4457,41,3718,25743,5618,0,blocksworld,181,0,312,0,0,discrete
instance--4,hmrp,12,12.0,8,575,41,73,23,16,24,14,0,blocksworld,41,0,60,0,0,discrete
instance--3,hmrp,6,6.0,6,504,8,25,31,11,18,9,0,blocksworld,29,0,40,0,0,discrete
instance--6,hmrp,24,24.0,9,518,15,49,22,37,57,38,0,blocksworld,41,0,60,0,0,discrete
instance--14,hmrp,48,48.0,13,709,121,188,42,135,281,145,0,blocksworld,89,0,144,0,0,discrete
instance--9,hrmax,22,22.0,7,807,66,99,30,167,466,203,0,blocksworld,55,0,84,0,0,discrete
instance--2,hrmax,10,10.0,5,558,17,46,22,37,64,37,0,blocksworld,29,0,40,0,0,discrete
instance--24,hmax,58,58.0,9,2636,1889,2096,24,2171,13153,3286,0,blocksworld,155,0,264,0,0,discrete
instance--23,hmax,74,74.0,4,5228,4061,4407,47,5022,28569,7871,0,blocksworld,155,0,264,0,0,discrete
instance--7,hrmax,20,20.0,4,999,93,174,35,117,369,137,0,blocksworld,55,0,84,0,0,discrete
instance--7,hmrp,24,24.0,11,858,19,58,30,37,61,35,0,blocksworld,55,0,84,0,0,discrete
instance--10,hrmax,26,26.0,8,753,161,221,43,208,734,244,0,blocksworld,71,0,112,0,0,discrete
instance--19,hmrp,84,84.0,18,1796,1004,1194,35,2219,4610,2743,0,blocksworld,131,0,220,0,0,discrete
instance--10,hmrp,24,24.0,13,723,37,221,36,34,64,32,0,blocksworld,71,0,112,0,0,discrete
instance--8,hmrp,46,46.0,10,840,85,131,25,144,259,154,0,blocksworld,55,0,84,0,0,discrete
instance--16,hmax,94,94.0,9,1577,733,1034,28,1013,4820,1379,0,blocksworld,109,0,180,0,0,discrete
instance--24,hmrp,84,84.0,19,1189,254,485,80,315,733,367,0,blocksworld,155,0,264,0,0,discrete
instance--1,hmax,6,6.0,2,490,20,39,18,30,53,29,0,blocksworld,29,0,40,0,0,discrete
instance--8,hmax,10,10.0,3,594,45,90,30,53,151,54,0,blocksworld,55,0,84,0,0,discrete
instance--12,hrmax,24,24.0,6,824,137,180,25,334,1188,447,0,blocksworld,71,0,112,0,0,discrete
instance--8,hrmax,10,10.0,3,635,30,93,27,53,151,54,0,blocksworld,55,0,84,0,0,discrete
instance--5,hmax,10,10.0,4,572,67,115,26,49,107,57,0,blocksworld,41,0,60,0,0,discrete
instance--20,hrmax,112,112.0,8,2195,931,1110,57,1338,7064,1875,0,blocksworld,131,0,220,0,0,discrete
instance--10,hmax,26,26.0,8,661,123,189,21,208,734,244,0,blocksworld,71,0,112,0,0,discrete
instance--23,hmrp,66,66.0,21,1298,512,624,93,420,942,485,0,blocksworld,155,0,264,0,0,discrete
instance--22,hrmax,44,44.0,8,2703,1920,2105,29,2095,12676,3042,0,blocksworld,155,0,264,0,0,discrete
instance--2,hmax,10,10.0,5,532,15,39,29,37,64,37,0,blocksworld,29,0,40,0,0,discrete
instance--20,hmax,112,112.0,8,1947,1180,1357,31,1338,7064,1875,0,blocksworld,131,0,220,0,0,discrete
instance--17,hrmax,44,44.0,10,1508,709,951,25,1065,5011,1548,0,blocksworld,109,0,180,0,0,discrete
instance--16,hrmax,94,94.0,9,1409,596,768,33,1013,4820,1379,0,blocksworld,109,0,180,0,0,discrete
instance--25,hmrp,152,152.0,22,5367,4186,4478,31,9569,20477,12300,0,blocksworld,181,0,312,0,0,discrete
instance--3,hmax,6,6.0,3,499,8,30,20,14,27,12,0,blocksworld,29,0,40,0,0,discrete
instance--11,hrmax,24,24.0,6,695,119,189,39,219,737,281,0,blocksworld,71,0,112,0,0,discrete
instance--18,hmrp,44,44.0,17,963,197,309,27,86,190,90,0,blocksworld,109,0,180,0,0,discrete
instance--21,hmax,52,52.0,10,2153,1068,1482,33,1434,7378,2067,0,blocksworld,131,0,220,0,0,discrete
instance--13,hrmax,24,24.0,4,1282,489,694,34,692,2862,927,0,blocksworld,89,0,144,0,0,discrete
instance--25,hrmax,46,46.0,10,5795,4360,4948,55,3718,25743,5618,0,blocksworld,181,0,312,0,0,discrete
instance--4,hmax,14,14.0,5,609,73,110,22,75,157,83,0,blocksworld,41,0,60,0,0,discrete
instance--11,hmax,24,24.0,6,913,203,345,27,219,737,281,0,blocksworld,71,0,112,0,0,discrete
instance--6,hmax,16,16.0,6,550,35,73,19,68,162,76,0,blocksworld,41,0,60,0,0,discrete
instance--17,hmrp,80,80.0,16,1042,420,496,43,561,1124,675,0,blocksworld,109,0,180,0,0,discrete
instance--1,hrmax,6,6.0,2,540,13,38,31,30,53,29,0,blocksworld,29,0,40,0,0,discrete
instance--2,hmrp,10,10.0,6,499,8,37,22,15,22,13,0,blocksworld,29,0,40,0,0,discrete
instance--15,hmax,20,20.0,5,916,285,404,31,678,2912,919,0,blocksworld,89,0,144,0,0,discrete
instance--1,hmrp,6,6.0,6,506,6,49,29,7,13,5,0,blocksworld,29,0,40,0,0,discrete
instance--14,hmax,22,22.0,5,1115,333,553,33,526,2275,711,0,blocksworld,89,0,144,0,0,discrete
instance--3,hrmax,6,6.0,3,503,7,30,21,14,27,12,0,blocksworld,29,0,40,0,0,discrete
instance--7,hmax,20,20.0,4,759,144,187,22,117,369,137,0,blocksworld,55,0,84,0,0,discrete
instance--19,hmax,80,80.0,9,2079,1213,1484,34,1695,8998,2385,0,blocksworld,131,0,220,0,0,discrete
instance--21,hmrp,130,130.0,19,2051,1209,1364,32,3186,6268,4182,0,blocksworld,131,0,220,0,0,discrete
instance--14,hrmax,22,22.0,5,1267,281,543,35,526,2275,711,0,blocksworld,89,0,144,0,0,discrete
instance--12,hmax,24,24.0,6,938,152,295,30,334,1188,447,0,blocksworld,71,0,112,0,0,discrete
instance--16,hmrp,68,68.0,16,745,147,217,24,313,555,369,0,blocksworld,109,0,180,0,0,discrete
instance--18,hmax,70,70.0,9,1807,953,1192,54,1492,6639,2212,0,blocksworld,109,0,180,0,0,discrete
instance--5,hmrp,16,16.0,7,616,11,40,23,26,43,25,0,blocksworld,41,0,60,0,0,discrete
instance--12,hmrp,38,38.0,12,681,115,173,23,156,304,174,0,blocksworld,71,0,112,0,0,discrete
instance--21,hrmax,52,52.0,10,2265,1048,1570,55,1434,7378,2067,0,blocksworld,131,0,220,0,0,discrete
instance--15,hrmax,20,20.0,5,1381,315,546,33,678,2912,919,0,blocksworld,89,0,144,0,0,discrete
instance--22,hmax,44,44.0,8,2872,1968,2275,45,2095,12676,3042,0,blocksworld,155,0,264,0,0,discrete
instance--20,hmrp,86,86.0,19,1597,915,1055,25,2479,4912,3166,0,blocksworld,131,0,220,0,0,discrete
instance--11,hmrp,40,40.0,12,767,166,218,32,169,306,182,0,blocksworld,71,0,112,0,0,discrete
instance--23,hrmax,74,74.0,4,5612,4053,4518,38,5022,28569,7871,0,blocksworld,155,0,264,0,0,discrete
instance--15,hmrp,30,30.0,14,754,55,87,28,47,98,50,0,blocksworld,89,0,144,0,0,discrete
instance--9,hmax,22,22.0,7,705,112,191,25,167,466,203,0,blocksworld,55,0,84,0,0,discrete
instance--17,hmax,44,44.0,10,1642,934,1123,31,1065,5011,1548,0,blocksworld,109,0,180,0,0,discrete
instance--9,hmrp,28,28.0,11,607,40,102,24,50,93,49,0,blocksworld,55,0,84,0,0,discrete
instance--19,hrmax,80,80.0,9,2590,1517,1980,31,1695,8998,2385,0,blocksworld,131,0,220,0,0,discrete
instance--6,hrmax,16,16.0,6,715,22,66,47,68,162,76,0,blocksworld,41,0,60,0,0,discrete
instance--13,hmax,24,24.0,4,994,275,439,42,692,2862,927,0,blocksworld,89,0,144,0,0,discrete
instance--22,hmrp,66,66.0,19,1028,301,406,38,223,507,240,0,blocksworld,155,0,264,0,0,discrete
,hmrp,66,66.0,25,8796,7418,7658,92,2047,13722,12992,0,ma-blocksworld,164,0,880,0,0,discrete
,hmrp,32,32.0,26,2580,1119,1370,178,229,1657,1159,0,ma-blocksworld,164,0,880,0,0,discrete
,hmax,48,48.0,10,189377,185760,188283,132,40319,434028,589224,0,ma-blocksworld,164,0,880,0,0,discrete
,hmax,40,40.0,8,132811,129712,131504,92,27590,306869,379660,0,ma-blocksworld,164,0,880,0,0,discrete
,hrmax,48,48.0,10,187386,183708,186102,72,40319,434028,589224,0,ma-blocksworld,164,0,880,0,0,discrete
,hrmax,40,40.0,8,133068,129969,132005,160,27590,306869,379660,0,ma-blocksworld,164,0,880,0,0,discrete
,hmax,46,46.0,9,110937,108202,109740,85,21921,257004,285865,0,ma-blocksworld,164,0,880,0,0,discrete
,hmrp,54,54.0,25,5788,4625,4831,81,1258,8337,8024,0,ma-blocksworld,164,0,880,0,0,discrete
,hrmax,46,46.0,9,106965,104026,105545,76,21921,257004,285865,0,ma-blocksworld,164,0,880,0,0,discrete
,hmrp,42,42.0,22,3066,1228,1632,76,167,1291,639,0,ma-blocksworld,191,0,1056,0,0,discrete
,hmax,46,46.0,8,398737,393289,397646,265,59206,778897,895399,0,ma-blocksworld,191,0,1056,0,0,discrete
,hrmax,46,46.0,8,405564,399950,404361,130,59206,778897,895399,0,ma-blocksworld,191,0,1056,0,0,discrete
instance-_1229,hrmax,468,468.0,451,2677,1615,1997,49,1529,18393,13822,0,farmland,0,10,52,0,0,continuous
instance-_1229,hmrp,341,341.0,341,643,32,88,32,342,686,675,0,farmland,0,2,4,0,0,continuous
instance-_1229,hrmax,228,228.0,224,852,162,236,48,230,2299,453,0,farmland,0,6,28,0,0,continuous
instance-_1229,hmrp,513,513.0,513,938,228,314,41,514,6151,1019,0,farmland,0,6,28,0,0,continuous
instance-_1229,hmax,171,171.0,166,896,112,240,57,184,1818,400,0,farmland,0,6,28,0,0,continuous
instance-_1229,hmax,285,285.0,280,1018,140,391,39,298,2958,628,0,farmland,0,6,28,0,0,continuous
instance-_1229,hmax,56,56.0,51,684,59,97,49,62,611,127,0,farmland,0,6,28,0,0,continuous
instance-_1229,hmrp,65,65.0,57,1250,378,449,47,129,2226,629,0,farmland,0,10,52,0,0,continuous
instance-_1229,hrmax,398,398.0,397,769,28,122,43,399,800,789,0,farmland,0,2,4,0,0,continuous
instance-_1229,hrmax,343,343.0,340,812,127,214,45,344,2061,679,0,farmland,0,4,16,0,0,continuous
instance-_1229,hmax,398,398.0,397,697,32,102,42,399,800,789,0,farmland,0,2,4,0,0,continuous
instance-_1229,hmax,342,342.0,337,1134,379,496,58,362,3582,783,0,farmland,0,6,28,0,0,continuous
instance-_1229,hrmax,115,115.0,111,830,75,154,51,116,697,223,0,farmland,0,4,16,0,0,continuous
instance-_1229,hmax,136,136.0,127,1223,320,507,32,206,3007,813,0,farmland,0,8,40,0,0,continuous
instance-_1229,hmax,128,128.0,107,2184,388,957,173,800,10426,6549,0,farmland,0,10,52,0,0,continuous
instance-_1229,hmax,343,343.0,340,966,203,350,50,346,2071,687,0,farmland,0,4,16,0,0,continuous
instance-_1229,hmax,112,112.0,111,718,12,57,37,113,228,217,0,farmland,0,2,4,0,0,continuous
instance-_1229,hmax,569,569.0,568,741,18,108,31,570,1142,1131,0,farmland,0,2,4,0,0,continuous
instance-_1229,hmrp,465,465.0,457,1869,837,983,48,552,9116,1579,0,farmland,0,10,52,0,0,continuous
instance-_1229,hmax,313,313.0,305,1399,406,686,62,387,5583,1188,0,farmland,0,8,40,0,0,continuous
instance-_1229,hrmax,227,227.0,226,683,37,83,36,228,458,447,0,farmland,0,2,4,0,0,continuous
instance-_1229,hrmax,112,112.0,111,654,13,45,31,113,228,217,0,farmland,0,2,4,0,0,continuous
instance-_1229,hmax,473,473.0,450,2060,1104,1280,41,1507,19794,10907,0,farmland,0,10,52,0,0,continuous
instance-_1229,hrmax,513,513.0,510,1595,427,848,32,515,5142,1023,0,farmland,0,6,28,0,0,continuous
instance-_1229,hmax,92,92.0,83,819,145,194,38,184,2545,924,0,farmland,0,8,40,0,0,continuous
instance-_1229,hrmax,113,113.0,110,777,104,160,38,115,1142,223,0,farmland,0,6,28,0,0,continuous
instance-_1229,hmrp,458,458.0,457,1194,192,533,39,459,2753,909,0,farmland,0,4,16,0,0,continuous
instance-_1229,hmrp,46,46.0,43,926,182,245,37,50,880,99,0,farmland,0,8,40,0,0,continuous
instance-_1229,hrmax,171,171.0,167,831,139,211,31,173,1729,339,0,farmland,0,6,28,0,0,continuous
instance-_1229,hmrp,446,446.0,443,1299,461,609,36,451,8093,904,0,farmland,0,8,40,0,0,continuous
instance-_1229,hmax,229,229.0,226,1073,125,224,41,232,1387,459,0,farmland,0,4,16,0,0,continuous
instance-_1229,hmrp,179,179.0,177,1374,554,683,48,182,3127,356,0,farmland,0,8,40,0,0,continuous
instance-_1229,hmrp,352,352.0,342,2276,1143,1472,53,553,9682,2478,0,farmland,0,10,52,0,0,continuous
instance-_1229,hrmax,458,458.0,454,1253,90,631,80,459,2755,909,0,farmland,0,4,16,0,0,continuous
instance-_1229,hrmax,128,128.0,108,2856,1350,1636,172,1251,16720,13496,0,farmland,0,10,52,0,0,continuous
instance-_1229,hmax,297,297.0,278,1438,489,776,53,804,10437,5823,0,farmland,0,10,52,0,0,continuous
instance-_1229,hmrp,515,515.0,514,1018,192,382,32,516,3095,1023,0,farmland,0,4,16,0,0,continuous
instance-_1229,hmrp,55,55.0,55,634,12,42,35,56,114,103,0,farmland,0,2,4,0,0,continuous
instance-_1229,hmrp,172,172.0,171,700,82,138,33,173,1037,337,0,farmland,0,4,16,0,0,continuous
instance-_1229,hmax,286,286.0,283,1015,136,329,79,289,1729,573,0,farmland,0,4,16,0,0,continuous
instance-_1229,hrmax,55,55.0,54,616,10,31,30,56,114,103,0,farmland,0,2,4,0,0,continuous
instance-_1229,hrmax,534,534.0,508,3793,2621,2943,98,3531,37962,39310,0,farmland,0,10,52,0,0,continuous
instance-_1229,hrmax,295,295.0,280,1718,847,1058,41,954,11784,8066,0,farmland,0,10,52,0,0,continuous
instance-_1229,hmax,224,224.0,216,1025,289,372,52,277,4025,837,0,farmland,0,8,40,0,0,continuous
instance-_1229,hmax,399,399.0,394,1009,247,408,33,418,4144,891,0,farmland,0,6,28,0,0,continuous
instance-_1229,hrmax,284,284.0,283,859,23,78,50,285,572,561,0,farmland,0,2,4,0,0,continuous
instance-_1229,hmax,113,113.0,109,952,109,282,33,119,1178,245,0,farmland,0,6,28,0,0,continuous
instance-_1229,hrmax,224,224.0,217,1409,364,745,37,284,4060,917,0,farmland,0,8,40,0,0,continuous
instance-_1229,hmrp,113,113.0,113,835,108,199,46,114,1351,219,0,farmland,0,6,28,0,0,continuous
instance-_1229,hrmax,515,515.0,511,1116,228,451,42,516,3097,1023,0,farmland,0,4,16,0,0,continuous
instance-_1229,hmrp,522,522.0,514,2076,1254,1420,51,775,13076,3503,0,farmland,0,10,52,0,0,continuous
instance-_1229,hmrp,569,569.0,569,880,96,195,46,570,1142,1131,0,farmland,0,2,4,0,0,continuous
instance-_1229,hmrp,572,572.0,571,1267,109,244,36,573,3437,1137,0,farmland,0,4,16,0,0,continuous
instance-_1229,hrmax,313,313.0,306,1458,661,826,44,398,5671,1325,0,farmland,0,8,40,0,0,continuous
instance-_1229,hrmax,183,183.0,165,3083,2176,2394,56,2381,29607,26957,0,farmland,0,10,52,0,0,continuous
instance-_1229,hmrp,286,286.0,286,1068,200,437,41,287,2285,565,0,farmland,0,4,16,0,0,continuous
instance-_1229,hmrp,171,171.0,170,1100,120,202,37,173,1730,340,0,farmland,0,6,28,0,0,continuous
instance-_1229,hmax,47,47.0,39,865,137,220,37,90,1286,354,0,farmland,0,8,40,0,0,continuous
instance-_1229,hmrp,56,56.0,55,802,82,118,50,57,566,105,0,farmland,0,6,28,0,0,continuous
instance-_1229,hmrp,579,579.0,571,2613,1052,1364,81,772,13010,2975,0,farmland,0,10,52,0,0,continuous
instance-_1229,hmrp,398,398.0,398,884,52,247,34,399,800,789,0,farmland,0,2,4,0,0,continuous
instance-_1229,hrmax,572,572.0,568,986,134,350,41,573,3439,1137,0,farmland,0,4,16,0,0,continuous
instance-_1229,hrmax,135,135.0,129,1352,454,702,44,186,2675,621,0,farmland,0,8,40,0,0,continuous
instance-_1229,hmax,513,513.0,509,1339,204,319,49,527,5244,1088,0,farmland,0,6,28,0,0,continuous
instance-_1229,hmrp,343,343.0,343,934,212,333,30,344,2741,679,0,farmland,0,4,16,0,0,continuous
instance-_1229,hrmax,341,341.0,340,673,24,81,44,342,686,675,0,farmland,0,2,4,0,0,continuous
instance-_1229,hmrp,228,228.0,227,1173,135,447,44,230,2301,454,0,farmland,0,6,28,0,0,continuous
instance-_1229,hmax,402,402.0,394,1797,428,650,63,531,7559,1941,0,farmland,0,8,40,0,0,continuous
instance-_1229,hmax,447,447.0,439,1781,294,574,42,636,8904,2535,0,farmland,0,8,40,0,0,continuous
instance-_1229,hmax,352,352.0,335,2355,1345,1655,57,1676,18374,16455,0,farmland,0,10,52,0,0,continuous
instance-_1229,hmrp,293,293.0,285,2176,466,706,61,487,8410,2391,0,farmland,0,10,52,0,0,continuous
instance-_1229,hmax,69,69.0,50,1146,332,447,54,630,8113,5202,0,farmland,0,10,52,0,0,continuous
instance-_1229,hmax,515,515.0,511,1224,228,435,53,518,3105,1033,0,farmland,0,4,16,0,0,continuous
instance-_1229,hmax,228,228.0,223,885,124,262,57,233,2325,471,0,farmland,0,6,28,0,0,continuous
instance-_1229,hmax,455,455.0,454,873,28,146,58,456,914,903,0,farmland,0,2,4,0,0,continuous
instance-_1229,hrmax,342,342.0,339,1117,212,482,43,344,3435,682,0,farmland,0,6,28,0,0,continuous
instance-_1229,hrmax,569,569.0,568,993,56,237,49,570,1142,1131,0,farmland,0,2,4,0,0,continuous
instance-_1229,hmax,172,172.0,168,1078,78,148,59,174,1043,341,0,farmland,0,4,16,0,0,continuous
instance-_1229,hmrp,284,284.0,284,676,46,88,28,285,572,561,0,farmland,0,2,4,0,0,continuous
instance-_1229,hmax,284,284.0,283,723,60,136,34,285,572,561,0,farmland,0,2,4,0,0,continuous
instance-_1229,hmrp,135,135.0,132,1116,311,416,71,138,2461,275,0,farmland,0,8,40,0,0,continuous
instance-_1229,hrmax,239,239.0,222,2335,953,1679,62,824,10322,6428,0,farmland,0,10,52,0,0,continuous
instance-_1229,hrmax,285,285.0,281,1026,319,417,35,287,2869,567,0,farmland,0,6,28,0,0,continuous
instance-_1229,hmax,409,409.0,392,1656,835,976,38,1339,15063,10850,0,farmland,0,10,52,0,0,continuous
instance-_1229,hrmax,455,455.0,454,662,27,87,29,456,914,903,0,farmland,0,2,4,0,0,continuous
instance-_1229,hmax,458,458.0,454,1150,273,378,37,461,2763,919,0,farmland,0,4,16,0,0,continuous
instance-_1229,hmrp,268,268.0,266,1384,607,711,44,272,4878,540,0,farmland,0,8,40,0,0,continuous
instance-_1229,hmax,180,180.0,172,1105,235,403,82,332,4502,1699,0,farmland,0,8,40,0,0,continuous
instance-_1229,hmax,341,341.0,340,716,44,138,29,342,686,675,0,farmland,0,2,4,0,0,continuous
instance-_1229,hmax,358,358.0,350,1237,319,592,55,476,6762,1726,0,farmland,0,8,40,0,0,continuous
instance-_1229,hmrp,124,124.0,114,2225,883,1001,178,249,4479,1261,0,farmland,0,10,52,0,0,continuous
instance-_1229,hrmax,172,172.0,168,796,67,150,62,173,1039,337,0,farmland,0,4,16,0,0,continuous
instance-_1229,hrmax,270,270.0,262,1215,424,593,35,329,4741,970,0,farmland,0,8,40,0,0,continuous
instance-_1229,hmax,227,227.0,226,710,38,96,37,228,458,447,0,farmland,0,2,4,0,0,continuous
instance-_1229,hrmax,446,446.0,440,1384,680,779,38,611,8385,2464,0,farmland,0,8,40,0,0,continuous
instance-_1229,hrmax,400,400.0,397,725,79,145,30,401,2403,793,0,farmland,0,4,16,0,0,continuous
instance-_1229,hrmax,399,399.0,396,1138,247,526,47,401,4002,795,0,farmland,0,6,28,0,0,continuous
instance-_1229,hmrp,115,115.0,114,921,84,293,37,116,695,223,0,farmland,0,4,16,0,0,continuous
instance-_1229,hmax,571,571.0,566,1315,434,668,53,584,5818,1200,0,farmland,0,6,28,0,0,continuous
instance-_1229,hrmax,179,179.0,173,1534,494,871,48,284,3835,1305,0,farmland,0,8,40,0,0,continuous
instance-_1229,hmrp,342,342.0,341,1168,420,540,47,343,3428,679,0,farmland,0,6,28,0,0,continuous
instance-_1229,hmrp,409,409.0,399,2249,1014,1507,49,576,9802,2204,0,farmland,0,10,52,0,0,continuous
instance-_1229,hmax,235,235.0,221,1612,641,899,63,381,5206,1644,0,farmland,0,10,52,0,0,continuous
instance-_1229,hrmax,353,353.0,337,2892,1726,2163,58,1856,20896,19710,0,farmland,0,10,52,0,0,continuous
instance-_1229,hrmax,512,512.0,511,986,23,128,31,513,1028,1017,0,farmland,0,2,4,0,0,continuous
instance-_1229,hmrp,180,180.0,171,1258,514,587,43,265,4691,987,0,farmland,0,10,52,0,0,continuous
instance-_1229,hmrp,58,58.0,57,761,107,147,42,59,353,109,0,farmland,0,4,16,0,0,continuous
instance-_1229,hrmax,91,91.0,84,1292,419,549,42,182,2403,971,0,farmland,0,8,40,0,0,continuous
instance-_1229,hmrp,285,285.0,284,1030,290,411,41,287,2870,568,0,farmland,0,6,28,0,0,continuous
instance-_1229,hrmax,286,286.0,283,795,82,153,43,287,1719,565,0,farmland,0,4,16,0,0,continuous
instance-_1229,hmrp,229,229.0,229,780,120,185,32,230,1829,451,0,farmland,0,4,16,0,0,continuous
instance-_1229,hmrp,237,237.0,228,1798,931,1102,42,354,6035,1465,0,farmland,0,10,52,0,0,continuous
instance-_1229,hmax,581,581.0,564,2229,1270,1542,55,1441,16198,10585,0,farmland,0,10,52,0,0,continuous
instance-_1229,hmrp,227,227.0,227,628,25,63,39,228,458,447,0,farmland,0,2,4,0,0,continuous
instance-_1229,hrmax,357,357.0,351,1811,555,1127,47,480,6634,1889,0,farmland,0,8,40,0,0,continuous
instance-_1229,hrmax,229,229.0,226,1114,127,222,55,230,1379,451,0,farmland,0,4,16,0,0,continuous
instance-_1229,hmrp,571,571.0,570,1508,785,907,37,573,5730,1140,0,farmland,0,6,28,0,0,continuous
instance-_1229,hrmax,56,56.0,53,993,178,310,48,58,572,109,0,farmland,0,6,28,0,0,continuous
instance-_1229,hmax,270,270.0,261,1031,292,419,34,372,5571,1306,0,farmland,0,8,40,0,0,continuous
instance-_1229,hrmax,584,584.0,565,2822,1820,2195,42,1996,22101,18256,0,farmland,0,10,52,0,0,continuous
instance-_1229,hmax,525,525.0,507,2173,1171,1388,64,1807,21258,16154,0,farmland,0,10,52,0,0,continuous
instance-_1229,hmax,400,400.0,397,1151,138,373,44,403,2413,801,0,farmland,0,4,16,0,0,continuous
instance-_1229,hmrp,224,224.0,221,1609,665,906,44,231,4143,476,0,farmland,0,8,40,0,0,continuous
instance-_1229,hmrp,456,456.0,455,1145,380,481,50,457,4566,905,0,farmland,0,6,28,0,0,continuous
instance-_1229,hmax,572,572.0,568,967,136,337,29,574,3443,1141,0,farmland,0,4,16,0,0,continuous
instance-_1229,hmrp,402,402.0,399,1510,554,729,47,404,7248,805,0,farmland,0,8,40,0,0,continuous
instance-_1229,hmax,457,457.0,451,1022,171,352,36,476,4728,997,0,farmland,0,6,28,0,0,continuous
instance-_1229,hmrp,512,512.0,512,778,35,202,29,513,1028,1017,0,farmland,0,2,4,0,0,continuous
instance-_1229,hmrp,400,400.0,400,944,112,187,37,401,2403,793,0,farmland,0,4,16,0,0,continuous
instance-_1229,hmrp,112,112.0,112,633,11,42,30,113,228,217,0,farmland,0,2,4,0,0,continuous
instance-_1229,hrmax,571,571.0,567,1463,378,721,51,573,5729,1139,0,farmland,0,6,28,0,0,continuous
instance-_1229,hmax,512,512.0,511,816,89,235,31,513,1028,1017,0,farmland,0,2,4,0,0,continuous
instance-_1229,hmax,169,169.0,168,751,73,131,28,170,342,331,0,farmland,0,2,4,0,0,continuous
instance-_1229,hmax,55,55.0,54,605,9,24,41,56,114,103,0,farmland,0,2,4,0,0,continuous
instance-_1229,hrmax,410,410.0,394,2748,1358,1730,64,1605,18361,15646,0,farmland,0,10,52,0,0,continuous
instance-_1229,hmax,58,58.0,54,933,24,49,55,61,363,119,0,farmland,0,4,16,0,0,continuous
instance-_1229,hrmax,456,456.0,453,1626,243,327,46,458,4572,909,0,farmland,0,6,28,0,0,continuous
instance-_1229,hrmax,46,46.0,40,1352,201,258,50,89,1235,381,0,farmland,0,8,40,0,0,continuous
instance-_1229,hrmax,58,58.0,54,790,153,193,30,59,355,109,0,farmland,0,4,16,0,0,continuous
instance-_1229,hmax,115,115.0,111,791,33,161,35,118,705,233,0,farmland,0,4,16,0,0,continuous
instance-_1229,hrmax,169,169.0,168,733,29,71,27,170,342,331,0,farmland,0,2,4,0,0,continuous
instance-_1229,hmrp,91,91.0,88,1055,249,337,69,93,1570,179,0,farmland,0,8,40,0,0,continuous
instance-_1229,hmrp,357,357.0,355,1358,576,719,43,362,6491,726,0,farmland,0,8,40,0,0,continuous
instance-_1229,hmrp,399,399.0,398,980,212,363,44,400,3996,791,0,farmland,0,6,28,0,0,continuous
instance-_1229,hmrp,313,313.0,310,1499,679,786,49,315,5402,619,0,farmland,0,8,40,0,0,continuous
instance-_1229,hrmax,402,402.0,395,1239,478,617,44,498,7110,1624,0,farmland,0,8,40,0,0,continuous
instance-_1229,hrmax,68,68.0,51,1865,750,1029,102,387,4834,3305,0,farmland,0,10,52,0,0,continuous
instance-_1229,hmrp,455,455.0,455,766,59,136,33,456,914,903,0,farmland,0,2,4,0,0,continuous
instance-_1229,hmrp,169,169.0,169,727,42,84,47,170,342,331,0,farmland,0,2,4,0,0,continuous
instance-_1229,hmax,186,186.0,164,1924,1065,1259,57,1709,19310,17654,0,farmland,0,10,52,0,0,continuous
instance-_12,hmrp,68,68.0,11,1866,848,1109,22,2144,31833,14736,0,fn-counters,0,12,24,0,0,continuous
instance-_12,hrmax,105,105.0,2,183026,157988,182397,25,738503,6841575,8900719,0,fn-counters,0,12,24,0,0,continuous
instance-_20,hmrp,216,216.0,19,165778,139629,164999,52,276395,6511878,3443593,0,fn-counters,0,20,40,0,0,continuous
instance-_2,hmax,1,1.0,1,644,1,10,23,2,2,0,0,fn-counters,0,2,4,0,0,continuous
instance-_2,hrmax,1,1.0,1,613,0,15,20,2,2,0,0,fn-counters,0,2,4,0,0,continuous
instance-_12,hmax,122,122.0,1,416031,299613,414608,30,3690027,31499326,49946838,0,fn-counters,0,12,24,0,0,continuous
instance-_2,hmrp,1,1.0,1,642,0,10,40,2,2,0,0,fn-counters,0,2,4,0,0,continuous
instance-_16,hmrp,134,134.0,15,11495,9131,10894,27,25060,512067,234002,0,fn-counters,0,16,32,0,0,continuous
instance-_12,hmrp,116,116.0,33,2199,1248,1576,31,3493,58042,25765,0,fn-counters-inv,0,12,24,0,0,continuous
instance-_12,hrmax,130,130.0,6,131917,119450,131364,18,372695,4701501,4238714,0,fn-counters-inv,0,12,24,0,0,continuous
instance-_20,hmrp,330,330.0,57,258859,227656,257884,45,465719,11806392,6822301,0,fn-counters-inv,0,20,40,0,0,continuous
instance-_12,hmax,140,140.0,3,231667,175197,230858,31,1773099,19254975,23261156,0,fn-counters-inv,0,12,24,0,0,continuous
instance-_16,hmrp,206,206.0,45,15167,12148,14399,27,33705,724149,354365,0,fn-counters-inv,0,16,32,0,0,continuous
instance-_1,hrmax,1,1.0,1,1095,1,39,185,2,2,0,0,fn-counters-rnd,0,2,4,0,0,continuous
instance-_3,hmrp,108,108.0,42,2111,1193,1405,19,814,15391,4074,0,fn-counters-rnd,0,12,24,0,0,continuous
instance-_1,hmrp,162,162.0,92,3545,2376,2901,29,4928,113282,44251,0,fn-counters-rnd,0,16,32,0,0,continuous
instance-_3,hmax,209,209.0,26,3086458,2292327,3085647,25,11896654,166602195,214067571,0,fn-counters-rnd,0,16,32,0,0,continuous
instance-_2,hmax,2,2.0,2,628,1,9,21,3,7,1,0,fn-counters-rnd,0,2,4,0,0,continuous
instance-_3,hrmax,118,118.0,24,41902,37218,41299,31,118758,1476809,1368789,0,fn-counters-rnd,0,12,24,0,0,continuous
instance-_3,hmrp,242,242.0,145,11051,8381,10160,25,14987,424993,165008,0,fn-counters-rnd,0,20,40,0,0,continuous
instance-_2,hmrp,104,104.0,71,1777,622,1003,31,427,8144,1987,0,fn-counters-rnd,0,12,24,0,0,continuous
instance-_2,hrmax,131,131.0,43,18848,16430,18127,28,51465,663713,568734,0,fn-counters-rnd,0,12,24,0,0,continuous
instance-_1,hmrp,349,349.0,157,177723,155903,177046,28,196804,6936000,2510503,0,fn-counters-rnd,0,24,48,0,0,continuous
instance-_1,hmrp,260,260.0,117,16295,13295,15187,26,22006,664389,215811,0,fn-counters-rnd,0,20,40,0,0,continuous
instance-_2,hmrp,180,180.0,87,7998,6254,7247,41,17927,382181,191444,0,fn-counters-rnd,0,16,32,0,0,continuous
instance-_1,hmax,98,98.0,18,11360,7999,10510,55,71425,815665,860895,0,fn-counters-rnd,0,12,24,0,0,continuous
instance-_3,hmrp,1,1.0,1,599,0,8,43,2,2,0,0,fn-counters-rnd,0,2,4,0,0,continuous
instance-_3,hmax,129,129.0,16,65903,49915,65261,40,510585,5415345,6646450,0,fn-counters-rnd,0,12,24,0,0,continuous
instance-_2,hrmax,2,2.0,2,633,1,19,30,3,7,1,0,fn-counters-rnd,0,2,4,0,0,continuous
instance-_3,hrmax,153,153.0,46,300028,275762,299176,23,446659,6991754,7285516,0,fn-counters-rnd,0,16,32,0,0,continuous
instance-_3,hmax,1,1.0,1,576,1,13,22,2,2,0,0,fn-counters-rnd,0,2,4,0,0,continuous
instance-_1,hmax,1,1.0,1,1100,1,46,181,2,2,0,0,fn-counters-rnd,0,2,4,0,0,continuous
instance-_1,hmrp,79,79.0,46,1429,535,679,20,607,10699,3834,0,fn-counters-rnd,0,12,24,0,0,continuous
instance-_1,hmrp,1,1.0,1,1099,0,44,194,2,2,0,0,fn-counters-rnd,0,2,4,0,0,continuous
instance-_2,hmrp,242,242.0,151,6829,5279,6175,40,7818,238946,73734,0,fn-counters-rnd,0,20,40,0,0,continuous
instance-_2,hmax,142,142.0,24,29656,22290,29035,34,210478,2396712,2650403,0,fn-counters-rnd,0,12,24,0,0,continuous
instance-_1,hrmax,76,76.0,30,2796,1834,2180,23,4095,56547,39174,0,fn-counters-rnd,0,12,24,0,0,continuous
instance-_3,hrmax,1,1.0,1,601,0,7,42,2,2,0,0,fn-counters-rnd,0,2,4,0,0,continuous
instance-_3,hmrp,140,140.0,119,1504,494,751,32,333,8863,1393,0,fn-counters-rnd,0,16,32,0,0,continuous
instance-_2,hmrp,2,2.0,2,641,1,10,34,3,7,1,0,fn-counters-rnd,0,2,4,0,0,continuous
instance-_2,hmax,313,313.0,12,817510,649468,816763,47,15922154,38274310,93409225,0,plant-watering,0,15,19,0,0,continuous
instance-_1,hmrp,606,606.0,87,3289,1572,2230,149,22358,34718,130834,0,plant-watering,0,17,21,0,0,continuous
instance-_1,hmrp,434,434.0,69,2594,1480,1769,68,15032,22882,83378,0,plant-watering,0,15,19,0,0,continuous
instance-_3,hmrp,419,419.0,80,2363,977,1531,44,7342,14123,38213,0,plant-watering,0,15,19,0,0,continuous
instance-_2,hmrp,779,779.0,105,3891,2107,2591,215,26671,41652,152807,0,plant-watering,0,17,21,0,0,continuous
instance-_3,hmrp,394,394.0,70,3452,1281,1584,227,8204,15775,44023,0,plant-watering,0,17,21,0,0,continuous
instance-_1,hmax,444,444.0,18,2436830,1832967,2436133,31,63716947,128216243,389937517,0,plant-watering,0,15,19,0,0,continuous
instance-_3,hrmax,453,453.0,20,14677331,13945239,14676522,32,62560220,154497175,365238374,0,plant-watering,0,15,19,0,0,continuous
instance-_2,hrmax,360,360.0,20,98729,93227,97946,42,375160,1060292,2091195,0,plant-watering,0,15,19,0,0,continuous
instance-_1,hrmax,516,516.0,27,213391,199737,212669,49,1152261,2589583,6804616,0,plant-watering,0,15,19,0,0,continuous
instance-_2,hmrp,322,322.0,59,2191,968,1466,40,9648,14193,55555,0,plant-watering,0,15,19,0,0,continuous
instance-_1229,hmax,568,568.0,162,2299,1318,1516,97,1077,26516,5095,0,sailing,4,8,44,0,0,continuous
instance-_1229,hrmax,174,174.0,173,2297,158,318,306,175,3655,0,0,sailing,1,6,24,0,0,continuous
instance-_1229,hmax,193,193.0,87,753,142,217,29,196,4114,5,0,sailing,2,6,27,0,0,continuous
instance-_1229,hmrp,747,747.0,500,1352,261,558,77,891,5568,681,0,sailing,4,2,11,0,0,continuous
instance-_1229,hmax,260,260.0,89,3844,1566,3345,30,264810,341503,1513799,0,sailing,3,2,10,0,0,continuous
instance-_1229,hmrp,764,764.0,517,1892,794,913,214,910,5741,680,0,sailing,9,2,16,0,0,continuous
instance-_1229,hmrp,756,756.0,516,1587,532,656,202,898,5664,666,0,sailing,8,2,15,0,0,continuous
instance-_1229,hmrp,514,514.0,515,1349,475,615,132,515,7104,863,0,sailing,7,4,28,0,0,continuous
instance-_1229,hrmax,174,174.0,173,1196,456,637,29,175,4873,0,0,sailing,1,8,32,0,0,continuous
instance-_1229,hmrp,499,499.0,500,1737,995,1188,45,500,13963,470,0,sailing,4,8,44,0,0,continuous
instance-_1229,hmrp,749,749.0,502,1119,348,475,68,893,5595,683,0,sailing,6,2,13,0,0,continuous
instance-_1229,hmrp,500,500.0,501,1537,779,903,61,501,10500,471,0,sailing,5,6,36,0,0,continuous
instance-_1229,hmax,174,174.0,88,2277,153,298,307,175,2437,0,0,sailing,1,4,16,0,0,continuous
instance-_1229,hmrp,175,175.0,175,961,333,425,35,176,3683,1,0,sailing,2,6,27,0,0,continuous
instance-_1229,hmrp,218,218.0,219,1409,318,489,48,219,6093,189,0,sailing,3,8,40,0,0,continuous
instance-_1229,hmax,239,239.0,87,1388,669,810,36,258,7097,163,0,sailing,3,8,40,0,0,continuous
instance-_1229,hrmax,174,174.0,173,2132,44,153,306,175,1219,0,0,sailing,1,2,8,0,0,continuous
instance-_1229,hmax,174,174.0,87,1065,340,499,35,175,4873,0,0,sailing,1,8,32,0,0,continuous
instance-_1229,hmrp,256,256.0,219,968,278,374,38,296,1919,157,0,sailing,3,2,10,0,0,continuous
instance-_1229,hmax,194,194.0,87,946,313,394,34,205,5674,60,0,sailing,2,8,36,0,0,continuous
instance-_1229,hrmax,582,582.0,323,2210,1261,1610,42,1136,28148,4114,0,sailing,4,8,44,0,0,continuous
instance-_1229,hrmax,924,924.0,323,3768448,2317425,3767873,45,240333464,262406074,1420295892,0,sailing,5,2,12,0,0,continuous
instance-_1229,hmax,797,797.0,162,187784,107885,186987,87,9867611,12628401,56519937,0,sailing,7,2,14,0,0,continuous
instance-_1229,hrmax,192,192.0,173,1089,401,549,45,242,4902,192,0,sailing,2,6,27,0,0,continuous
instance-_1229,hmax,922,922.0,163,632813,394422,631822,221,28337060,36179548,162392955,0,sailing,9,2,16,0,0,continuous
instance-_1229,hmrp,763,763.0,515,1413,612,713,77,908,5713,679,0,sailing,7,2,14,0,0,continuous
instance-_1229,hmrp,502,502.0,502,1284,498,604,75,504,6925,599,0,sailing,6,4,26,0,0,continuous
instance-_1229,hrmax,195,195.0,173,24544,13201,24012,37,2586169,3034100,15069079,0,sailing,2,2,9,0,0,continuous
instance-_1229,hmax,788,788.0,164,150083,79089,149483,54,8587609,10668805,49514335,0,sailing,6,2,13,0,0,continuous
instance-_1229,hmrp,175,175.0,175,653,115,177,40,176,2460,1,0,sailing,2,4,18,0,0,continuous
instance-_1229,hmax,196,196.0,89,802,168,225,29,244,3328,107,0,sailing,2,4,18,0,0,continuous
instance-_1229,hmrp,514,514.0,515,1702,680,804,83,515,10702,863,0,sailing,7,6,42,0,0,continuous
instance-_1229,hmrp,174,174.0,174,2393,131,414,306,175,3655,0,0,sailing,1,6,24,0,0,continuous
instance-_1229,hmax,1110,1110.0,162,714377,567083,713737,54,8755507,43757646,78824938,0,sailing,5,4,24,0,0,continuous
instance-_1229,hrmax,963,963.0,323,980999,580693,980473,40,75000023,80351036,444735860,0,sailing,4,2,11,0,0,continuous
instance-_1229,hmrp,500,500.0,500,1483,376,806,69,526,7143,667,0,sailing,4,4,22,0,0,continuous
instance-_1229,hmrp,219,219.0,219,926,228,393,34,245,3472,120,0,sailing,3,4,20,0,0,continuous
instance-_1229,hmax,783,783.0,164,68079,34869,67442,56,4192156,5352427,24018455,0,sailing,5,2,12,0,0,continuous
instance-_1229,hmrp,174,174.0,174,2316,216,338,306,175,2437,0,0,sailing,1,4,16,0,0,continuous
instance-_1229,hmrp,501,501.0,501,1012,289,413,47,527,7166,669,0,sailing,5,4,24,0,0,continuous
instance-_1229,hmrp,748,748.0,501,963,261,376,80,892,5582,682,0,sailing,5,2,12,0,0,continuous
instance-_1229,hmax,182,182.0,89,1656,527,1134,36,52296,75709,290371,0,sailing,2,2,9,0,0,continuous
instance-_1229,hmrp,175,175.0,176,1245,225,611,52,176,4908,1,0,sailing,2,8,36,0,0,continuous
instance-_1229,hmrp,174,174.0,174,2160,56,177,308,175,1219,0,0,sailing,1,2,8,0,0,continuous
instance-_1229,hrmax,192,192.0,173,822,205,308,36,226,3097,78,0,sailing,2,4,18,0,0,continuous
instance-_1229,hmrp,499,499.0,500,1237,468,637,43,500,10470,470,0,sailing,4,6,33,0,0,continuous
instance-_1229,hmrp,501,501.0,502,1768,902,1055,92,502,10530,472,0,sailing,6,6,39,0,0,continuous
instance-_1229,hrmax,291,291.0,173,69383,39228,68866,31,6126393,7041806,35855833,0,sailing,3,2,10,0,0,continuous
instance-_1229,hmax,239,239.0,87,763,182,238,32,246,5109,70,0,sailing,3,6,30,0,0,continuous
instance-_1229,hmax,1169,1169.0,162,2912341,2107205,2911490,91,49699404,119767221,588836609,0,sailing,7,4,28,0,0,continuous
instance-_1229,hmrp,174,174.0,174,1149,476,549,48,175,4873,0,0,sailing,1,8,32,0,0,continuous
instance-_1229,hrmax,244,244.0,173,1257,567,686,42,381,9944,848,0,sailing,3,8,40,0,0,continuous
instance-_1229,hmax,939,939.0,87,614029,423088,613482,46,6445384,51650006,38587650,0,sailing,3,4,20,0,0,continuous
instance-_1229,hmax,1068,1068.0,162,198893,117790,198162,128,9383920,11947941,53809162,0,sailing,8,2,15,0,0,continuous
instance-_1229,hmrp,218,218.0,219,1175,364,502,56,219,4567,189,0,sailing,3,6,30,0,0,continuous
instance-_1229,hmax,1773,1773.0,162,679527,530971,678948,41,8606517,50639771,69855369,0,sailing,4,4,22,0,0,continuous
instance-_1229,hmrp,175,175.0,175,783,151,235,33,176,1232,1,0,sailing,2,2,9,0,0,continuous
instance-_1229,hmrp,515,515.0,516,1664,655,879,118,516,7230,489,0,sailing,8,4,30,0,0,continuous
instance-_1229,hrmax,193,193.0,173,1022,359,445,36,245,6689,168,0,sailing,2,8,36,0,0,continuous
instance-_1229,hmax,751,751.0,164,32431,15966,31923,47,2139029,2921151,12060882,0,sailing,4,2,11,0,0,continuous
instance-_1229,hmax,1204,1204.0,162,10852275,6194757,10851544,133,169319077,422589047,1956978919,0,sailing,6,4,26,0,0,continuous
instance-_1229,hmax,174,174.0,88,2138,55,159,307,175,1219,0,0,sailing,1,2,8,0,0,continuous
instance-_1229,hmax,174,174.0,88,2378,250,399,307,175,3655,0,0,sailing,1,6,24,0,0,continuous
instance-_1229,hrmax,243,243.0,173,1150,330,488,49,369,7264,613,0,sailing,3,6,30,0,0,continuous
instance-_1229,hrmax,174,174.0,173,2187,80,209,305,175,2437,0,0,sailing,1,4,16,0,0,continuous
p4,hrmax,939,939.0,13,3625,2099,2660,79,3429,33388,73169,0,learns-continuous,31,50,81,0,0,continuous
p0,hmrp,195,195.0,66,1219,104,156,36,258,970,605,0,learns-continuous,6,10,16,0,0,continuous
p7,hmax,1500,1500.0,13,22663,13081,21736,140,119128,241589,6218523,0,learns-continuous,54,80,134,0,0,continuous
p7,hmrp,1566,1566.0,534,8036,6499,7180,66,2119,52061,62624,0,learns-continuous,54,80,134,0,0,continuous
p5,hrmax,1124,1124.0,13,4173,2775,3433,55,3265,42839,74894,0,learns-continuous,36,60,96,0,0,continuous
p0,hmax,198,198.0,13,997,172,337,36,1150,2163,4848,0,learns-continuous,6,10,16,0,0,continuous
p8,hrmax,1686,1686.0,13,12924,10834,12071,91,10820,113444,537131,0,learns-continuous,60,90,150,0,0,continuous
p8,hmax,1686,1686.0,13,11580,9408,10741,84,10820,113444,537131,0,learns-continuous,60,90,150,0,0,continuous
p3,hmax,758,758.0,13,2860,1640,1986,61,3504,22117,69296,0,learns-continuous,26,40,66,0,0,continuous
p7,hrmax,1500,1500.0,13,24464,15292,23713,114,119128,241589,6218523,0,learns-continuous,54,80,134,0,0,continuous
p9,hmrp,1988,1988.0,662,13479,11832,12556,126,2647,79503,84942,0,learns-continuous,62,100,162,0,0,continuous
p8,hmrp,1773,1773.0,600,10915,8945,9466,73,2385,66037,77356,0,learns-continuous,60,90,150,0,0,continuous
p0,hrmax,198,198.0,13,759,79,144,39,1150,2163,4848,0,learns-continuous,6,10,16,0,0,continuous
p2,hmax,566,566.0,13,2072,756,1306,42,2081,13085,28734,0,learns-continuous,20,30,50,0,0,continuous
p1,hmrp,388,388.0,133,1301,489,605,81,518,3441,3353,0,learns-continuous,13,20,33,0,0,continuous
p6,hmax,1309,1309.0,13,6531,4518,5742,79,11981,76285,464137,0,learns-continuous,45,70,115,0,0,continuous
p4,hmrp,970,970.0,331,3289,2037,2471,65,1316,20451,20507,0,learns-continuous,31,50,81,0,0,continuous
p4,hmax,939,939.0,13,3398,2155,2529,71,3429,33388,73169,0,learns-continuous,31,50,81,0,0,continuous
p3,hrmax,758,758.0,13,2565,1333,1771,108,3504,22117,69296,0,learns-continuous,26,40,66,0,0,continuous
p1,hmax,381,381.0,13,1559,650,895,39,3117,8686,32175,0,learns-continuous,13,20,33,0,0,continuous
p3,hmrp,795,795.0,266,2483,1262,1551,42,1070,13850,14097,0,learns-continuous,26,40,66,0,0,continuous
p6,hrmax,1309,1309.0,13,7177,5547,6420,129,11981,76285,464137,0,learns-continuous,45,70,115,0,0,continuous
p9,hmax,1868,1868.0,13,15670,12464,14810,86,21734,149918,1198810,0,learns-continuous,62,100,162,0,0,continuous
p6,hmrp,1378,1378.0,465,5775,4642,5023,63,1850,39380,44098,0,learns-continuous,45,70,115,0,0,continuous
p5,hmax,1124,1124.0,13,3753,2458,2990,65,3265,42839,74894,0,learns-continuous,36,60,96,0,0,continuous
p9,hrmax,1868,1868.0,13,18625,15046,17595,68,21734,149918,1198810,0,learns-continuous,62,100,162,0,0,continuous
p5,hmrp,1178,1178.0,396,4072,2999,3357,87,1581,29005,28108,0,learns-continuous,36,60,96,0,0,continuous
p2,hrmax,566,566.0,13,2126,1092,1357,78,2081,13085,28734,0,learns-continuous,20,30,50,0,0,continuous
p1,hrmax,381,381.0,13,1757,724,1029,43,3117,8686,32175,0,learns-continuous,13,20,33,0,0,continuous
p2,hmrp,582,582.0,200,2290,1219,1378,58,785,7643,8150,0,learns-continuous,20,30,50,0,0,continuous
p0,hmrp,218,218.0,66,2379,1111,1316,199,4341,11568,25300,0,learns-discrete,67,0,67,0,0,discrete
p7,hmrp,1805,1805.0,534,4095593,4007166,4093794,241,244772,8488736,5729775,0,learns-discrete,557,0,557,0,0,discrete
p5,hrmax,1370,1370.0,13,897213,515725,895440,282,5690160,7343787,219578525,0,learns-discrete,423,0,423,0,0,discrete
p0,hmax,219,219.0,13,1793,410,612,104,6963,9146,39510,0,learns-discrete,67,0,67,0,0,discrete
p8,hrmax,2082,2082.0,13,67058,56889,64792,240,56097,255401,3247878,0,learns-discrete,653,0,653,0,0,discrete
p8,hmax,2082,2082.0,13,67590,57189,65265,284,56097,255401,3247878,0,learns-discrete,653,0,653,0,0,discrete
p3,hmax,913,913.0,13,25045,13915,22701,390,206143,283465,5532767,0,learns-discrete,283,0,283,0,0,discrete
p0,hrmax,219,219.0,13,2061,514,1058,166,6963,9146,39510,0,learns-discrete,67,0,67,0,0,discrete
p2,hmax,671,671.0,13,4769,1742,2738,481,14634,28282,274668,0,learns-discrete,203,0,203,0,0,discrete
p1,hmrp,447,447.0,133,6027,4174,4731,86,9139,51029,87531,0,learns-discrete,135,0,135,0,0,discrete
p4,hmrp,1167,1167.0,331,11665457,11332199,11663979,172,1690036,35690422,26472141,0,learns-discrete,383,0,385,0,0,discrete
p3,hrmax,913,913.0,13,25796,14538,23217,160,206143,283465,5532767,0,learns-discrete,283,0,283,0,0,discrete
p1,hmax,443,443.0,13,3241,1034,1578,221,14066,20440,174083,0,learns-discrete,135,0,135,0,0,discrete
p3,hmrp,898,898.0,266,74670,69420,72879,333,46651,477663,872122,0,learns-discrete,283,0,283,0,0,discrete
p9,hmax,2286,2286.0,13,92842,73271,90513,244,115207,326102,7047644,0,learns-discrete,706,0,706,0,0,discrete
p6,hmrp,1598,1598.0,465,1282585,1247532,1280364,411,151874,3839114,3524384,0,learns-discrete,486,0,487,0,0,discrete
p5,hmax,1370,1370.0,13,877602,502359,875846,408,5690160,7343787,219578525,0,learns-discrete,423,0,423,0,0,discrete
p9,hrmax,2286,2286.0,13,91763,72442,89017,562,115207,326102,7047644,0,learns-discrete,706,0,706,0,0,discrete
p5,hmrp,1368,1368.0,396,640152,620970,638219,271,127498,2230775,2790584,0,learns-discrete,423,0,423,0,0,discrete
p2,hrmax,671,671.0,13,4256,1770,2353,218,14634,28282,274668,0,learns-discrete,203,0,203,0,0,discrete
p1,hrmax,443,443.0,13,2633,772,1211,333,14066,20440,174083,0,learns-discrete,135,0,135,0,0,discrete
p2,hmrp,675,675.0,200,40126,35592,38700,271,65446,449735,1100946,0,learns-discrete,203,0,203,0,0,discrete
